{
  "baseline": {
    "total_candidates": 594971,
    "total_movies": 1351,
    "overall_hit_rate": 0.044664361792423495,
    "cf_only_count": 362755,
    "cf_only_hit_rate": 0.05643754048875963,
    "kg_only_count": 178471,
    "kg_only_hit_rate": 0.01752105384068,
    "both_count": 53745,
    "both_hit_rate": 0.05533538003535213,
    "total_positives_captured": 26574,
    "kg_unique_positives": 3127,
    "kg_score_pos_mean": 0.9875382935096154,
    "kg_score_neg_mean": 0.9864048701610274,
    "kg_score_discrimination": 0.001133423348588014,
    "kg_score_std": 0.012192008983204604,
    "Recall@10": 0.052552039272384166,
    "NDCG@10": 0.08718291426934986,
    "Hit@10": 0.4435294117647059,
    "Recall@20": 0.09872618845724777
  },
  "A": {
    "total_candidates": 593675,
    "total_movies": 1479,
    "overall_hit_rate": 0.04575904324756811,
    "cf_only_count": 360912,
    "cf_only_hit_rate": 0.05615496298266613,
    "kg_only_count": 177175,
    "kg_only_hit_rate": 0.020990546070269508,
    "both_count": 55588,
    "both_hit_rate": 0.05720659135065122,
    "total_positives_captured": 27166,
    "kg_unique_positives": 3719,
    "kg_score_pos_mean": 0.9826825325049116,
    "kg_score_neg_mean": 0.9818523998386408,
    "kg_score_discrimination": 0.0008301326662707442,
    "kg_score_std": 0.011616426930044596,
    "Recall@10": 0.05539298999362702,
    "NDCG@10": 0.08894765532184261,
    "Hit@10": 0.4484033613445378,
    "Recall@20": 0.09959858317909202
  },
  "A+D": {
    "total_candidates": 594484,
    "total_movies": 1673,
    "overall_hit_rate": 0.04532838562518083,
    "cf_only_count": 380696,
    "cf_only_hit_rate": 0.05615766911131191,
    "kg_only_count": 177984,
    "kg_only_hit_rate": 0.019664688960805466,
    "both_count": 35804,
    "both_hit_rate": 0.05775890961903698,
    "total_positives_captured": 26947,
    "kg_unique_positives": 3500,
    "kg_score_pos_mean": 0.9788779741028443,
    "kg_score_neg_mean": 0.9764419840516663,
    "kg_score_discrimination": 0.0024359900511780053,
    "kg_score_std": 0.013387283833898013,
    "Recall@10": 0.057529433308884735,
    "NDCG@10": 0.09083254228196935,
    "Hit@10": 0.45361344537815124,
    "Recall@20": 0.10122369358492238
  },
  "A+D+B": {
    "total_candidates": 562563,
    "total_movies": 2070,
    "overall_hit_rate": 0.04974376203198575,
    "cf_only_count": 279733,
    "cf_only_hit_rate": 0.05417666131632664,
    "kg_only_count": 146063,
    "kg_only_hit_rate": 0.031061939026310565,
    "both_count": 136767,
    "both_hit_rate": 0.06062866042247033,
    "total_positives_captured": 27984,
    "kg_unique_positives": 4537,
    "kg_score_pos_mean": 0.7699432482670976,
    "kg_score_neg_mean": 0.7628967382313222,
    "kg_score_discrimination": 0.0070465100357753885,
    "kg_score_std": 0.05869120320237962,
    "Recall@10": 0.06182912387421101,
    "NDCG@10": 0.09533279023182058,
    "Hit@10": 0.46521008403361347,
    "Recall@20": 0.10683394637269816
  }
}