{
  "Recall-only": {
    "Hit@1": 0.11176027139087825,
    "NDCG@1": 0.11176027139087825,
    "Recall@1": 0.02332082015338669,
    "MRR@1": 0.11176027139087825,
    "Hit@5": 0.3514888805126272,
    "NDCG@5": 0.11794492200108353,
    "Recall@5": 0.09913202353745743,
    "MRR@5": 0.1935104912677472,
    "Hit@10": 0.5141349415755748,
    "NDCG@10": 0.14512645237049004,
    "Recall@10": 0.18170289598111414,
    "MRR@10": 0.21490189303513846,
    "Coverage": 0.2997779422649889
  },
  "V1 (CF) [Pointwise]": {
    "Hit@1": 0.08424425179042594,
    "NDCG@1": 0.08424425179042594,
    "Recall@1": 0.01566217270402335,
    "MRR@1": 0.08424425179042594,
    "Hit@5": 0.31511496419148133,
    "NDCG@5": 0.0950857849451546,
    "Recall@5": 0.07819685281782103,
    "MRR@5": 0.16227227038572684,
    "Hit@10": 0.47549943460233696,
    "NDCG@10": 0.12088102278837311,
    "Recall@10": 0.15306016114053464,
    "MRR@10": 0.18331224310304597,
    "Coverage": 0.48334566987416727
  },
  "V2 (CF+Content) [Pointwise]": {
    "Hit@1": 0.08424425179042594,
    "NDCG@1": 0.08424425179042594,
    "Recall@1": 0.018079104029533027,
    "MRR@1": 0.08424425179042594,
    "Hit@5": 0.33132303053147383,
    "NDCG@5": 0.10131564581570061,
    "Recall@5": 0.09092905053952023,
    "MRR@5": 0.16758072622188716,
    "Hit@10": 0.5071617037316246,
    "NDCG@10": 0.13101288331122546,
    "Recall@10": 0.1747787426295199,
    "MRR@10": 0.19098549710121512,
    "Coverage": 0.5951147298297558
  },
  "V3 (CF+Content+KG) [Pointwise]": {
    "Hit@1": 0.08499811534112325,
    "NDCG@1": 0.08499811534112325,
    "Recall@1": 0.019564385358542418,
    "MRR@1": 0.08499811534112325,
    "Hit@5": 0.3326422917451941,
    "NDCG@5": 0.10505912446894879,
    "Recall@5": 0.10023426253571731,
    "MRR@5": 0.1700339238597814,
    "Hit@10": 0.5133810780248775,
    "NDCG@10": 0.13622266850182438,
    "Recall@10": 0.1848684484198326,
    "MRR@10": 0.19396243545791225,
    "Coverage": 0.613619541080681
  },
  "V3e (CF+Content+KGEmb) [Pointwise]": {
    "Hit@1": 0.08085186581228798,
    "NDCG@1": 0.08085186581228798,
    "Recall@1": 0.018253630338212132,
    "MRR@1": 0.08085186581228798,
    "Hit@5": 0.3245382585751979,
    "NDCG@5": 0.10065951227656603,
    "Recall@5": 0.09450483292515603,
    "MRR@5": 0.16443334589772585,
    "Hit@10": 0.49547681869581606,
    "NDCG@10": 0.13055573292231498,
    "Recall@10": 0.17530012554260888,
    "MRR@10": 0.18712665805108325,
    "Coverage": 0.6239822353811991
  },
  "V4 (CF+Content+KG+Emb) [Pointwise]": {
    "Hit@1": 0.09027516019600453,
    "NDCG@1": 0.09027516019600453,
    "Recall@1": 0.021981578050668527,
    "MRR@1": 0.09027516019600453,
    "Hit@5": 0.32811911044101016,
    "NDCG@5": 0.10387690826229315,
    "Recall@5": 0.0962790581533206,
    "MRR@5": 0.17130920969971103,
    "Hit@10": 0.5058424425179042,
    "NDCG@10": 0.13552206797588257,
    "Recall@10": 0.18209772023935272,
    "MRR@10": 0.19470627740982055,
    "Coverage": 0.5980754996299038
  },
  "V1 (CF) [LambdaMART]": {
    "Hit@1": 0.08009800226159065,
    "NDCG@1": 0.08009800226159065,
    "Recall@1": 0.0168496814161582,
    "MRR@1": 0.08009800226159065,
    "Hit@5": 0.32114587259705996,
    "NDCG@5": 0.09769762755127512,
    "Recall@5": 0.085831073825786,
    "MRR@5": 0.1607676843824601,
    "Hit@10": 0.4937806257067471,
    "NDCG@10": 0.12669468078371882,
    "Recall@10": 0.16736819083417692,
    "MRR@10": 0.1838361333979502,
    "Coverage": 0.40044411547002223
  },
  "V2 (CF+Content) [LambdaMART]": {
    "Hit@1": 0.08744817188088956,
    "NDCG@1": 0.08744817188088956,
    "Recall@1": 0.020261934136073023,
    "MRR@1": 0.08744817188088956,
    "Hit@5": 0.3367885412740294,
    "NDCG@5": 0.10501855347309705,
    "Recall@5": 0.1002642351393652,
    "MRR@5": 0.1705019474808393,
    "Hit@10": 0.5252544289483604,
    "NDCG@10": 0.13651533641189642,
    "Recall@10": 0.18788303506600465,
    "MRR@10": 0.19526008292499056,
    "Coverage": 0.5699481865284974
  },
  "V3 (CF+Content+KG) [LambdaMART]": {
    "Hit@1": 0.08499811534112325,
    "NDCG@1": 0.08499811534112325,
    "Recall@1": 0.021095563589369207,
    "MRR@1": 0.08499811534112325,
    "Hit@5": 0.34074632491519036,
    "NDCG@5": 0.1097643906899289,
    "Recall@5": 0.10679493489439788,
    "MRR@5": 0.17178037441889685,
    "Hit@10": 0.5214851111948737,
    "NDCG@10": 0.14148644483579093,
    "Recall@10": 0.19484183663147156,
    "MRR@10": 0.19578606728531342,
    "Coverage": 0.5995558845299778
  },
  "V3e (CF+Content+KGEmb) [LambdaMART]": {
    "Hit@1": 0.08367885412740295,
    "NDCG@1": 0.08367885412740295,
    "Recall@1": 0.02164795372683821,
    "MRR@1": 0.08367885412740295,
    "Hit@5": 0.3264229174519412,
    "NDCG@5": 0.10433849272875452,
    "Recall@5": 0.10190548187906634,
    "MRR@5": 0.1653850986304812,
    "Hit@10": 0.5162080663399925,
    "NDCG@10": 0.13742671933735387,
    "Recall@10": 0.1891590483068167,
    "MRR@10": 0.1906707889840193,
    "Coverage": 0.5951147298297558
  },
  "V4 (CF+Content+KG+Emb) [LambdaMART]": {
    "Hit@1": 0.08556351300414625,
    "NDCG@1": 0.08556351300414625,
    "Recall@1": 0.02216782176865121,
    "MRR@1": 0.08556351300414625,
    "Hit@5": 0.33546928006030907,
    "NDCG@5": 0.107764960217667,
    "Recall@5": 0.10527625842919656,
    "MRR@5": 0.1703888679482347,
    "Hit@10": 0.5292122125895213,
    "NDCG@10": 0.1429179401962196,
    "Recall@10": 0.19859221709582006,
    "MRR@10": 0.19600452318130418,
    "Coverage": 0.5965951147298297
  }
}