{
  "Recall-only": {
    "Hit@1": 0.10888725670216673,
    "NDCG@1": 0.10888725670216673,
    "Recall@1": 0.02023687987996561,
    "MRR@1": 0.10888725670216673,
    "Hit@5": 0.342453176643408,
    "NDCG@5": 0.11184009768856241,
    "Recall@5": 0.08835218327948109,
    "MRR@5": 0.1885359285102216,
    "Hit@10": 0.5009181050312156,
    "NDCG@10": 0.13524018765829604,
    "Recall@10": 0.1631766040278896,
    "MRR@10": 0.2093774227771657,
    "Coverage": 0.22342733188720174
  },
  "V1 (CF) [Pointwise]": {
    "Hit@1": 0.07399926551597502,
    "NDCG@1": 0.07399926551597502,
    "Recall@1": 0.013969235631150705,
    "MRR@1": 0.07399926551597502,
    "Hit@5": 0.28369445464561144,
    "NDCG@5": 0.08410245361463269,
    "Recall@5": 0.06719607601107444,
    "MRR@5": 0.14379973068919083,
    "Hit@10": 0.44013955196474475,
    "NDCG@10": 0.10386820782005969,
    "Recall@10": 0.12498990037700165,
    "MRR@10": 0.1646861100909944,
    "Coverage": 0.5005422993492408
  },
  "V2 (CF+Content) [Pointwise]": {
    "Hit@1": 0.08336393683437385,
    "NDCG@1": 0.08336393683437385,
    "Recall@1": 0.015519076603340131,
    "MRR@1": 0.08336393683437385,
    "Hit@5": 0.3037091443261109,
    "NDCG@5": 0.09240985304403324,
    "Recall@5": 0.07338896579866591,
    "MRR@5": 0.15839760068551842,
    "Hit@10": 0.45960337862651485,
    "NDCG@10": 0.11320339530418061,
    "Recall@10": 0.13959452242445067,
    "MRR@10": 0.17913977930503822,
    "Coverage": 0.5081344902386117
  },
  "V3 (CF+Content+KG) [Pointwise]": {
    "Hit@1": 0.08354755784061697,
    "NDCG@1": 0.08354755784061697,
    "Recall@1": 0.018106090443988927,
    "MRR@1": 0.08354755784061697,
    "Hit@5": 0.31362467866323906,
    "NDCG@5": 0.09639971805852082,
    "Recall@5": 0.08319279298690367,
    "MRR@5": 0.16136001958624066,
    "Hit@10": 0.48733015056922513,
    "NDCG@10": 0.1225423247875237,
    "Recall@10": 0.15657556308433676,
    "MRR@10": 0.1845336463634297,
    "Coverage": 0.5433839479392625
  },
  "V3e (CF+Content+KGEmb) [Pointwise]": {
    "Hit@1": 0.07546823356591995,
    "NDCG@1": 0.07546823356591995,
    "Recall@1": 0.015099742099706505,
    "MRR@1": 0.07546823356591995,
    "Hit@5": 0.2967315460888726,
    "NDCG@5": 0.08715867920089135,
    "Recall@5": 0.07337046083915477,
    "MRR@5": 0.15003978455135267,
    "Hit@10": 0.4638266617701065,
    "NDCG@10": 0.11111978862108716,
    "Recall@10": 0.1419186246146356,
    "MRR@10": 0.17212815288926195,
    "Coverage": 0.5287418655097614
  },
  "V4 (CF+Content+KG+Emb) [Pointwise]": {
    "Hit@1": 0.0813441057656996,
    "NDCG@1": 0.0813441057656996,
    "Recall@1": 0.016798262495083396,
    "MRR@1": 0.0813441057656996,
    "Hit@5": 0.3082996694821888,
    "NDCG@5": 0.09304054949332695,
    "Recall@5": 0.08097685113899007,
    "MRR@5": 0.1578130738156445,
    "Hit@10": 0.4801689313257437,
    "NDCG@10": 0.1195796310598391,
    "Recall@10": 0.15358022504447577,
    "MRR@10": 0.180618875656518,
    "Coverage": 0.5200650759219089
  },
  "V1 (CF) [LambdaMART]": {
    "Hit@1": 0.07565185457216306,
    "NDCG@1": 0.07565185457216306,
    "Recall@1": 0.014651071962815695,
    "MRR@1": 0.07565185457216306,
    "Hit@5": 0.30205655526992287,
    "NDCG@5": 0.08963291020581571,
    "Recall@5": 0.07740041219810634,
    "MRR@5": 0.1520228914187783,
    "Hit@10": 0.4753947851634227,
    "NDCG@10": 0.11455350194678816,
    "Recall@10": 0.14784153829777907,
    "MRR@10": 0.17477273257203482,
    "Coverage": 0.41919739696312364
  },
  "V2 (CF+Content) [LambdaMART]": {
    "Hit@1": 0.0800587587219978,
    "NDCG@1": 0.0800587587219978,
    "Recall@1": 0.016418905265507138,
    "MRR@1": 0.0800587587219978,
    "Hit@5": 0.3244583180315828,
    "NDCG@5": 0.0955265471876203,
    "Recall@5": 0.0858512974099835,
    "MRR@5": 0.1615926061941486,
    "Hit@10": 0.49981637899375686,
    "NDCG@10": 0.12058961741950398,
    "Recall@10": 0.1576435721674343,
    "MRR@10": 0.18468440503879355,
    "Coverage": 0.470173535791757
  },
  "V3 (CF+Content+KG) [LambdaMART]": {
    "Hit@1": 0.07932427469702534,
    "NDCG@1": 0.07932427469702534,
    "Recall@1": 0.017714270277998437,
    "MRR@1": 0.07932427469702534,
    "Hit@5": 0.32702901211898644,
    "NDCG@5": 0.09921318277670943,
    "Recall@5": 0.09135487525089361,
    "MRR@5": 0.16377463581833762,
    "Hit@10": 0.5117517443995593,
    "NDCG@10": 0.12899769419694468,
    "Recall@10": 0.1726632394729728,
    "MRR@10": 0.1881538219400871,
    "Coverage": 0.5330802603036876
  },
  "V3e (CF+Content+KGEmb) [LambdaMART]": {
    "Hit@1": 0.07914065369078223,
    "NDCG@1": 0.07914065369078223,
    "Recall@1": 0.01737952245053718,
    "MRR@1": 0.07914065369078223,
    "Hit@5": 0.323172970987881,
    "NDCG@5": 0.09650419248172644,
    "Recall@5": 0.08821019811826755,
    "MRR@5": 0.16068980291345328,
    "Hit@10": 0.4966948218876239,
    "NDCG@10": 0.12307690832579658,
    "Recall@10": 0.16233339984889877,
    "MRR@10": 0.18377708409842083,
    "Coverage": 0.4690889370932755
  },
  "V4 (CF+Content+KG+Emb) [LambdaMART]": {
    "Hit@1": 0.08777084098420859,
    "NDCG@1": 0.08777084098420859,
    "Recall@1": 0.020261925859632816,
    "MRR@1": 0.08777084098420859,
    "Hit@5": 0.3387807565185457,
    "NDCG@5": 0.10425851818417364,
    "Recall@5": 0.09517778739695053,
    "MRR@5": 0.17326784184110663,
    "Hit@10": 0.5236871098053617,
    "NDCG@10": 0.13430478019289296,
    "Recall@10": 0.1784854456450242,
    "MRR@10": 0.1979225323376994,
    "Coverage": 0.5140997830802603
  }
}