{
  "Recall-only": {
    "Hit@1": 0.10993696700037078,
    "NDCG@1": 0.10993696700037078,
    "Recall@1": 0.021223476765046035,
    "MRR@1": 0.10993696700037078,
    "Hit@5": 0.3457545420837968,
    "NDCG@5": 0.11414563360780264,
    "Recall@5": 0.09318774421520302,
    "MRR@5": 0.1903534791743913,
    "Hit@10": 0.5057471264367817,
    "NDCG@10": 0.13954351826780548,
    "Recall@10": 0.17217428663871306,
    "MRR@10": 0.21139589255551436,
    "Coverage": 0.1966183574879227
  },
  "V1 (CF) [Pointwise]": {
    "Hit@1": 0.0682239525398591,
    "NDCG@1": 0.0682239525398591,
    "Recall@1": 0.013117314748252208,
    "MRR@1": 0.0682239525398591,
    "Hit@5": 0.26937337782721543,
    "NDCG@5": 0.07924598430006267,
    "Recall@5": 0.06416140276263244,
    "MRR@5": 0.13564454331973796,
    "Hit@10": 0.42639970337411937,
    "NDCG@10": 0.10108227104117687,
    "Recall@10": 0.12537751191472862,
    "MRR@10": 0.1564242456344792,
    "Coverage": 0.44154589371980674
  },
  "V2 (CF+Content) [Pointwise]": {
    "Hit@1": 0.08509454949944383,
    "NDCG@1": 0.08509454949944383,
    "Recall@1": 0.01740875129709836,
    "MRR@1": 0.08509454949944383,
    "Hit@5": 0.3047830923248053,
    "NDCG@5": 0.0937463246525829,
    "Recall@5": 0.07916506233437397,
    "MRR@5": 0.15852181436163637,
    "Hit@10": 0.4796069707081943,
    "NDCG@10": 0.11986488242330351,
    "Recall@10": 0.1547895502042208,
    "MRR@10": 0.18162368828386624,
    "Coverage": 0.4294685990338164
  },
  "V3 (CF+Content+KG) [Pointwise]": {
    "Hit@1": 0.08064516129032258,
    "NDCG@1": 0.08064516129032258,
    "Recall@1": 0.017001046254701946,
    "MRR@1": 0.08064516129032258,
    "Hit@5": 0.3110863922877271,
    "NDCG@5": 0.09476700936707115,
    "Recall@5": 0.084315621870304,
    "MRR@5": 0.15885860833024346,
    "Hit@10": 0.4860956618464961,
    "NDCG@10": 0.12319355338535153,
    "Recall@10": 0.16196997905595792,
    "MRR@10": 0.1818754377291641,
    "Coverage": 0.4449275362318841
  },
  "V3e (CF+Content+KGEmb) [Pointwise]": {
    "Hit@1": 0.0771227289581016,
    "NDCG@1": 0.0771227289581016,
    "Recall@1": 0.01628872660328311,
    "MRR@1": 0.0771227289581016,
    "Hit@5": 0.30274378939562474,
    "NDCG@5": 0.09013281939271696,
    "Recall@5": 0.07871916944860119,
    "MRR@5": 0.15312384130515388,
    "Hit@10": 0.4671857619577308,
    "NDCG@10": 0.11535548720133156,
    "Recall@10": 0.14934261315941386,
    "MRR@10": 0.17474685276409416,
    "Coverage": 0.3917874396135266
  },
  "V4 (CF+Content+KG+Emb) [Pointwise]": {
    "Hit@1": 0.0732295142751205,
    "NDCG@1": 0.0732295142751205,
    "Recall@1": 0.016225021778538608,
    "MRR@1": 0.0732295142751205,
    "Hit@5": 0.3173896922506489,
    "NDCG@5": 0.09440043757387943,
    "Recall@5": 0.08585811457618038,
    "MRR@5": 0.15551538746755653,
    "Hit@10": 0.4903596588802373,
    "NDCG@10": 0.12202998945870079,
    "Recall@10": 0.16264798212338982,
    "MRR@10": 0.17832431390551523,
    "Coverage": 0.43816425120772945
  },
  "V1 (CF) [LambdaMART]": {
    "Hit@1": 0.06915090841675936,
    "NDCG@1": 0.06915090841675936,
    "Recall@1": 0.015512532327241587,
    "MRR@1": 0.06915090841675936,
    "Hit@5": 0.29236188357434184,
    "NDCG@5": 0.08654264402242351,
    "Recall@5": 0.07605395753667274,
    "MRR@5": 0.14373068841923123,
    "Hit@10": 0.4657026325546904,
    "NDCG@10": 0.11190995281282698,
    "Recall@10": 0.14616759387579667,
    "MRR@10": 0.1666603398249672,
    "Coverage": 0.336231884057971
  },
  "V2 (CF+Content) [LambdaMART]": {
    "Hit@1": 0.08416759362254357,
    "NDCG@1": 0.08416759362254357,
    "Recall@1": 0.019318539540504907,
    "MRR@1": 0.08416759362254357,
    "Hit@5": 0.3268446421950315,
    "NDCG@5": 0.09978372820999902,
    "Recall@5": 0.09184261071228719,
    "MRR@5": 0.16611976269929551,
    "Hit@10": 0.5088987764182424,
    "NDCG@10": 0.12807665356558898,
    "Recall@10": 0.17082635585372072,
    "MRR@10": 0.1901034217914084,
    "Coverage": 0.4
  },
  "V3 (CF+Content+KG) [LambdaMART]": {
    "Hit@1": 0.08769002595476455,
    "NDCG@1": 0.08769002595476455,
    "Recall@1": 0.021314216706602725,
    "MRR@1": 0.08769002595476455,
    "Hit@5": 0.3424175009269559,
    "NDCG@5": 0.10650001772318111,
    "Recall@5": 0.10102381909408184,
    "MRR@5": 0.17337782721542455,
    "Hit@10": 0.5190952910641453,
    "NDCG@10": 0.1367798687872253,
    "Recall@10": 0.18553627571003242,
    "MRR@10": 0.19671651629382442,
    "Coverage": 0.43091787439613527
  },
  "V3e (CF+Content+KGEmb) [LambdaMART]": {
    "Hit@1": 0.07804968483500185,
    "NDCG@1": 0.07804968483500185,
    "Recall@1": 0.018008285885171216,
    "MRR@1": 0.07804968483500185,
    "Hit@5": 0.32128290693363,
    "NDCG@5": 0.09692189389288525,
    "Recall@5": 0.09157487808006312,
    "MRR@5": 0.16003893214682982,
    "Hit@10": 0.5105672969966629,
    "NDCG@10": 0.12848626163137072,
    "Recall@10": 0.17680455507963916,
    "MRR@10": 0.1846932364590874,
    "Coverage": 0.4028985507246377
  },
  "V4 (CF+Content+KG+Emb) [LambdaMART]": {
    "Hit@1": 0.08472376714868372,
    "NDCG@1": 0.08472376714868372,
    "Recall@1": 0.01960237079034395,
    "MRR@1": 0.08472376714868372,
    "Hit@5": 0.3288839451242121,
    "NDCG@5": 0.1017401830042717,
    "Recall@5": 0.09591576498804431,
    "MRR@5": 0.1664812754912866,
    "Hit@10": 0.5164998146088247,
    "NDCG@10": 0.13395502502709913,
    "Recall@10": 0.18291079322079717,
    "MRR@10": 0.1914275709047678,
    "Coverage": 0.43478260869565216
  }
}