{
  "Recall-only": {
    "Hit@1": 0.11176027139087825,
    "NDCG@1": 0.11176027139087825,
    "Recall@1": 0.02332082015338669,
    "MRR@1": 0.11176027139087825,
    "Hit@5": 0.3514888805126272,
    "NDCG@5": 0.11794492200108353,
    "Recall@5": 0.09913202353745743,
    "MRR@5": 0.1935104912677472,
    "Hit@10": 0.5141349415755748,
    "NDCG@10": 0.14512645237049004,
    "Recall@10": 0.18170289598111414,
    "MRR@10": 0.21490189303513846,
    "Coverage": 0.2997779422649889
  },
  "V1 (CF) [Pointwise]": {
    "Hit@1": 0.08424425179042594,
    "NDCG@1": 0.08424425179042594,
    "Recall@1": 0.01566217270402335,
    "MRR@1": 0.08424425179042594,
    "Hit@5": 0.31511496419148133,
    "NDCG@5": 0.0950857849451546,
    "Recall@5": 0.07819685281782103,
    "MRR@5": 0.16227227038572684,
    "Hit@10": 0.47549943460233696,
    "NDCG@10": 0.12088102278837311,
    "Recall@10": 0.15306016114053464,
    "MRR@10": 0.18331224310304597,
    "Coverage": 0.48334566987416727
  },
  "V2 (CF+Content) [Pointwise]": {
    "Hit@1": 0.08424425179042594,
    "NDCG@1": 0.08424425179042594,
    "Recall@1": 0.018079104029533027,
    "MRR@1": 0.08424425179042594,
    "Hit@5": 0.33132303053147383,
    "NDCG@5": 0.10131564581570061,
    "Recall@5": 0.09092905053952023,
    "MRR@5": 0.16758072622188716,
    "Hit@10": 0.5071617037316246,
    "NDCG@10": 0.13101288331122546,
    "Recall@10": 0.1747787426295199,
    "MRR@10": 0.19098549710121512,
    "Coverage": 0.5951147298297558
  },
  "V3 (CF+Content+KG) [Pointwise]": {
    "Hit@1": 0.08499811534112325,
    "NDCG@1": 0.08499811534112325,
    "Recall@1": 0.019564385358542418,
    "MRR@1": 0.08499811534112325,
    "Hit@5": 0.3326422917451941,
    "NDCG@5": 0.10505912446894879,
    "Recall@5": 0.10023426253571731,
    "MRR@5": 0.1700339238597814,
    "Hit@10": 0.5133810780248775,
    "NDCG@10": 0.13622266850182438,
    "Recall@10": 0.1848684484198326,
    "MRR@10": 0.19396243545791225,
    "Coverage": 0.613619541080681
  },
  "V3e (CF+Content+KGEmb) [Pointwise]": {
    "Hit@1": 0.08443271767810026,
    "NDCG@1": 0.08443271767810026,
    "Recall@1": 0.018487355669014487,
    "MRR@1": 0.08443271767810026,
    "Hit@5": 0.32114587259705996,
    "NDCG@5": 0.09928593097616303,
    "Recall@5": 0.0895066813419585,
    "MRR@5": 0.16307325040834275,
    "Hit@10": 0.503392385978138,
    "NDCG@10": 0.12877960494780077,
    "Recall@10": 0.1716645876667381,
    "MRR@10": 0.1874127223448746,
    "Coverage": 0.5891931902294597
  },
  "V4 (CF+Content+KG+Emb) [Pointwise]": {
    "Hit@1": 0.08273652468903128,
    "NDCG@1": 0.08273652468903128,
    "Recall@1": 0.019588929194921154,
    "MRR@1": 0.08273652468903128,
    "Hit@5": 0.32434979268752356,
    "NDCG@5": 0.10162443516598205,
    "Recall@5": 0.09540880200111601,
    "MRR@5": 0.16415378816434226,
    "Hit@10": 0.5081040331699962,
    "NDCG@10": 0.13360355720967285,
    "Recall@10": 0.18277750422821168,
    "MRR@10": 0.18838092844877616,
    "Coverage": 0.5751295336787565
  },
  "V1 (CF) [LambdaMART]": {
    "Hit@1": 0.08009800226159065,
    "NDCG@1": 0.08009800226159065,
    "Recall@1": 0.0168496814161582,
    "MRR@1": 0.08009800226159065,
    "Hit@5": 0.32114587259705996,
    "NDCG@5": 0.09769762755127512,
    "Recall@5": 0.085831073825786,
    "MRR@5": 0.1607676843824601,
    "Hit@10": 0.4937806257067471,
    "NDCG@10": 0.12669468078371882,
    "Recall@10": 0.16736819083417692,
    "MRR@10": 0.1838361333979502,
    "Coverage": 0.40044411547002223
  },
  "V2 (CF+Content) [LambdaMART]": {
    "Hit@1": 0.08744817188088956,
    "NDCG@1": 0.08744817188088956,
    "Recall@1": 0.020261934136073023,
    "MRR@1": 0.08744817188088956,
    "Hit@5": 0.3367885412740294,
    "NDCG@5": 0.10501855347309705,
    "Recall@5": 0.1002642351393652,
    "MRR@5": 0.1705019474808393,
    "Hit@10": 0.5252544289483604,
    "NDCG@10": 0.13651533641189642,
    "Recall@10": 0.18788303506600465,
    "MRR@10": 0.19526008292499056,
    "Coverage": 0.5699481865284974
  },
  "V3 (CF+Content+KG) [LambdaMART]": {
    "Hit@1": 0.08499811534112325,
    "NDCG@1": 0.08499811534112325,
    "Recall@1": 0.021095563589369207,
    "MRR@1": 0.08499811534112325,
    "Hit@5": 0.34074632491519036,
    "NDCG@5": 0.1097643906899289,
    "Recall@5": 0.10679493489439788,
    "MRR@5": 0.17178037441889685,
    "Hit@10": 0.5214851111948737,
    "NDCG@10": 0.14148644483579093,
    "Recall@10": 0.19484183663147156,
    "MRR@10": 0.19578606728531342,
    "Coverage": 0.5995558845299778
  },
  "V3e (CF+Content+KGEmb) [LambdaMART]": {
    "Hit@1": 0.08386732001507727,
    "NDCG@1": 0.08386732001507727,
    "Recall@1": 0.02079722016465004,
    "MRR@1": 0.08386732001507727,
    "Hit@5": 0.3235959291368262,
    "NDCG@5": 0.10068793290895332,
    "Recall@5": 0.09450550196625633,
    "MRR@5": 0.16513066968212087,
    "Hit@10": 0.5073501696192989,
    "NDCG@10": 0.13058340270983143,
    "Recall@10": 0.17608229267418624,
    "MRR@10": 0.18958718491794255,
    "Coverage": 0.5610658771280533
  },
  "V4 (CF+Content+KG+Emb) [LambdaMART]": {
    "Hit@1": 0.08556351300414625,
    "NDCG@1": 0.08556351300414625,
    "Recall@1": 0.020588089026844062,
    "MRR@1": 0.08556351300414625,
    "Hit@5": 0.3490388239728609,
    "NDCG@5": 0.10994206737157336,
    "Recall@5": 0.10812505452128383,
    "MRR@5": 0.17480525191606985,
    "Hit@10": 0.5324161326799849,
    "NDCG@10": 0.1427773069051361,
    "Recall@10": 0.19755986459391117,
    "MRR@10": 0.1989424221755545,
    "Coverage": 0.5921539600296077
  }
}