{
  "Item-CF": {
    "Hit@1": 0.09966386554621849,
    "NDCG@1": 0.09966386554621849,
    "Recall@1": 0.007903790741026876,
    "MRR@1": 0.09966386554621849,
    "Hit@5": 0.3134453781512605,
    "NDCG@5": 0.09178714773448084,
    "Recall@5": 0.033752964323673036,
    "MRR@5": 0.17256582633053222,
    "Hit@10": 0.4584873949579832,
    "NDCG@10": 0.094509414429235,
    "Recall@10": 0.06071762721086565,
    "MRR@10": 0.19164192343604108,
    "Coverage": 0.13452914798206278
  },
  "MF-64": {
    "Hit@1": 0.09445378151260504,
    "NDCG@1": 0.09445378151260504,
    "Recall@1": 0.007029219763612754,
    "MRR@1": 0.09445378151260504,
    "Hit@5": 0.29798319327731093,
    "NDCG@5": 0.08527556101779399,
    "Recall@5": 0.030531544867270752,
    "MRR@5": 0.1629971988795518,
    "Hit@10": 0.4438655462184874,
    "NDCG@10": 0.08682176566900385,
    "Recall@10": 0.055014385442756455,
    "MRR@10": 0.18236994797919165,
    "Coverage": 0.2033952594490711
  },
  "LightGCN": {
    "Hit@1": 0.09243697478991597,
    "NDCG@1": 0.09243697478991597,
    "Recall@1": 0.007070697977878686,
    "MRR@1": 0.09243697478991597,
    "Hit@5": 0.30100840336134455,
    "NDCG@5": 0.08674669358574319,
    "Recall@5": 0.03223040211658222,
    "MRR@5": 0.16299719887955183,
    "Hit@10": 0.45647058823529413,
    "NDCG@10": 0.09032677383513657,
    "Recall@10": 0.06012746808605033,
    "MRR@10": 0.18373255969054292,
    "Coverage": 0.28539397821909035
  }
}